{
    "Fold_1": {
        "mean": [
            1165.9398193359375,
            1375.6534423828125,
            1429.2191162109375,
            1764.798828125,
            2719.273193359375,
            3063.61181640625,
            3205.90185546875,
            3319.109619140625,
            2422.904296875,
            1639.370361328125
        ],
        "std": [
            1942.6156005859375,
            1881.9234619140625,
            1959.3798828125,
            1867.2239990234375,
            1754.5850830078125,
            1769.4046630859375,
            1784.860595703125,
            1767.7100830078125,
            1458.963623046875,
            1299.2833251953125
        ]
    },
    "Fold_2": {
        "mean": [
            1207.1932373046875,
            1414.46728515625,
            1465.03759765625,
            1800.0333251953125,
            2759.06005859375,
            3101.073486328125,
            3243.97265625,
            3359.02392578125,
            2429.333740234375,
            1642.5399169921875
        ],
        "std": [
            2000.6566162109375,
            1939.0166015625,
            2019.963134765625,
            1924.523193359375,
            1800.293701171875,
            1809.30419921875,
            1822.9510498046875,
            1803.4820556640625,
            1475.3997802734375,
            1309.8919677734375
        ]
    },
    "Fold_3": {
        "mean": [
            1187.2601318359375,
            1395.004638671875,
            1444.808837890625,
            1782.667724609375,
            2746.790283203125,
            3091.756591796875,
            3237.13427734375,
            3351.251708984375,
            2425.67041015625,
            1636.6175537109375
        ],
        "std": [
            1992.2794189453125,
            1934.3846435546875,
            2014.1280517578125,
            1922.0833740234375,
            1802.691650390625,
            1812.0205078125,
            1827.005126953125,
            1808.6036376953125,
            1485.88427734375,
            1321.1258544921875
        ]
    },
    "Fold_4": {
        "mean": [
            1165.9732666015625,
            1373.495849609375,
            1422.16357421875,
            1758.254150390625,
            2718.458740234375,
            3062.4189453125,
            3206.532958984375,
            3320.367919921875,
            2409.735107421875,
            1621.8280029296875
        ],
        "std": [
            1960.6046142578125,
            1901.424072265625,
            1980.2984619140625,
            1888.574951171875,
            1774.44091796875,
            1787.3594970703125,
            1803.23388671875,
            1785.043701171875,
            1468.6976318359375,
            1303.815673828125
        ]
    },
    "Fold_5": {
        "mean": [
            1174.5318603515625,
            1380.02880859375,
            1422.0823974609375,
            1762.4776611328125,
            2735.5244140625,
            3081.566650390625,
            3224.338623046875,
            3341.8271484375,
            2402.666259765625,
            1610.4794921875
        ],
        "std": [
            1987.2254638671875,
            1927.2308349609375,
            2007.2587890625,
            1913.21435546875,
            1792.604736328125,
            1803.4815673828125,
            1820.7703857421875,
            1801.85400390625,
            1483.1376953125,
            1315.048095703125
        ]
    }
}